Gene,Sequence
A2M,MSFGRDMELEHFDERDKAQRYSRGSRVNGLPSPTHSAHCSFYRTRTLQTLSSEKKAKKVRFYRNGDRYFKGIVYAISPDRFRSFEALLADLTRTLSDNVNLPQGVRTIYTIDGLKKISSLDQLVEGESYVCGSIEPFKKLEYTKNVNPNWSVNVKTTSASRAVSSLATAKGSPSEVRENKDFIRPKLVTIIRSGVKPRKAVRILLNKKTAHSFEQVLTDITDAIKLDSGVVKRLYTLDGKQVMCLQDFFGDDDIFIACGPEKFRYQDDFLLDESECRVVKSTSYTKIASSSRRSTTKSPGPSRRSKSPASTSSVNGTPGSQLSTPRSGKSPSPSPTSPGSLRKQRSSQHGGSSTSLASTKVCSSMDENDGPGEEVSEEGFQIPATITERYKVGRTIGDGNFAVVKECVERSTAREYALKIIKKSKCRGKEHMIQNEVSILRRVKHPNIVLLIEEMDVPTELYLVMELVKGGDLFDAITSTNKYTERDASGMLYNLASAIKYLHSLNIVHRDIKPENLLVYEHQDGSKSLKLGDFGLATIVDGPLYTVCGTPTYVAPEIIAETGYGLKVDIWAAGVITYILLCGFPPFRGSGDDQEVLFDQILMGQVDFPSPYWDNVSDSAKELITMMLLVDVDQRFSAVQVLEHPWVNDDGLPENEHQLSVAGKIKKHFNTGPKPNSTAAGVSVIATTALDKERQVFRRRRNQDVRSRYKAQPAPPELNSESEDYSPSSSETVRSPNSPF
ABAT,MLANSASVRILIKGGKVVNDDCTHEADVYIENGIIQQVGRELMIPGGAKVIDATGKLVIPGGIDTSTHFHQTFMNATCVDDFYHGTKAALVGGTTMIIGHVLPDKETSLVDAYEKCRGLADPKVCCDYALHVGITWWAPKVKAEMETLVREKGVNSFQMFMTYKDLYMLRDSELYQVLHACKDIGAIARVHAENGELVAEGAKEALDLGITGPEGIEISRPEELEAEATHRVITIANRTHCPIYLVNVSSISAGDVIAAAKMQGKVVLAETTTAHATLTGLHYYHQDWSHAAAYVTVPPLRLDTNTSTYLMSLLANDTLNIVASDHRPFTTKQKAMGKEDFTKIPHGVSGVQDRMSVIWERGVVGGKMDENRFVAVTSSNAAKLLNLYPRKGRIIPGADADVVVWDPEATKTISASTQVQGGDFNLYENMRCHGVPLVTISRGRVVYENGVFMCAEGTGKFCPLRSFPDTVYKKLVQREKTLKVRGVDRTPYLGDVAVVVHPGKKEMGTPLADTPTRPVTRHGGMRDLHESSFSLSGSQIDDHVPKRASARILAPPGGRSSGIW
ACAT1,MGAQFSKTAAKGEAAAERPGEAAVASSPSKANGQENGHVKVNGDASPAAAESGAKEELQANGSAPAADKEEPAAAGSGAASPSAAEKGEPAAAAAPEAGASPVEKEAPAEGEAAEPGSPTAAEGEAASAASSTSSPKAEDGATPSPSNETPKKKKKRFSFKKSFKLSGFSFKKNKKEAGEGGEAEAPAAEGGKDEAAGGAAAAAAEAGAASGEQAAAPGEEAAAGEEGAAGGDPQEAKPQEAAVAPEKPPASDETKAAEEPSKVEEKKAEEAGASAAACEAPSAAGPGAPPEQEAAPAEEPAAAAASSACAAPSQEAQPECSPEAPPAEAAE
ACAT2,MKMWLLVSHLVIISITTCLAEFTWYRRYGHGVSEEDKGFGPIFEEQPINTIYPEESLEGKVSLNCRARASPFPVYKWRMNNGDVDLTSDRYSMVGGNLVINNPDKQKDAGIYYCLASNNYGMVRSTEATLSFGYLDPFPPEERPEVRVKEGKGMVLLCDPPYHFPDDLSYRWLLNEFPVFITMDKRRFVSQTNGNLYIANVEASDKGNYSCFVSSPSITKSVFSKFIPLIPIPERTTKPYPADIVVQFKDVYALMGQNVTLECFALGNPVPDIRWRKVLEPMPSTAEISTSGAVLKIFNIQLEDEGIYECEAENIRGKDKHQARIYVQAFPEWVEHINDTEVDIGSDLYWPCVATGKPIPTIRWLKNGYAYHKGELRLYDVTFENAGMYQCIAENTYGAIYANAELKILALAPTFEMNPMKKKILAAKGGRVIIECKPKAAPKPKFSWSKGTEWLVNSSRILIWEDGSLEINNITRNDGGIYTCFAENNRGKANSTGTLVITDPTRIILAPINADITVGENATMQCAASFDPALDLTFVWSFNGYVIDFNKENIHYQRNFMLDSNGELLIRNAQLKHAGRYTCTAQTIVDNSSASADLVVRGPPGPPGGLRIEDIRATSVALTWSRGSDNHSPISKYTIQTKTILSDDWKDAKTDPPIIEGNMEAARAVDLIPWMEYEFRVVATNTLGRGEPSIPSNRIKTDGAAPNVAPSDVGGGGGRNRELTITWAPLSREYHYGNNFGYIVAFKPFDGEEWKKVTVTNPDTGRYVHKDETMSPSTA...
ACOT7,MASGADSKGDDLSTAILKQKNRPNRLIVDEAINEDNSVVSLSQPKMDELQLFRGDTVLLKGKKRREAVCIVLSDDTCSDEKIRMNRVVRNNLRVRLGDVISIQPCPDVKYGKRIHVLPIDDTVEGITGNLFEVYLKPYFLEAYRPIRKGDIFLVRGGMRAVEFKVVETDPSPYCIVAPDTVIHCEGEPIKREDEEESLNEVGYDDIGGCRKQLAQIKEMVELPLRHPALFKAIGVKPPRGILLYGPPGTGKTLIARAVANETGAFFFLINGPEIMSKLAGESESNLRKAFEEAEKNAPAIIFIDELDAIAPKREKTHGEVERRIVSQLLTLMDGLKQRAHVIVMAATNRPNSIDPALRRFGRFDREVDIGIPDATGRLEILQIHTKNMKLADDVDLEQVANETHGHVGADLAALCSEAALQAIRKKMDLIDLEDETIDAEVMNSLAVTMDDFRWALSQSNPSALRETVVEVPQVTWEDIGGLEDVKRELQELVQYPVEHPDKFLKFGMTPSKGVLFYGPPGCGKTLLAKAIANECQANFISIKGPELLTMWFGESEANVREIFDKARQAAPCVLFFDELDSIAKARGGNIGDGGGAADRVINQILTEMDGMSTKKNVFIIGATNRPDIIDPAILRPGRLDQLIYIPLPDEKSRVAILKANLRKSPVAKDVDLEFLAKMTNGFSGADLTEICQRACKLAIRESIESEIRRERERQTNPSAMEVEEDDPVPEIRRDHFEEAMRFARRSVSDNDIRKYEMFAQTLQQSRGFGSFRFPSGNQGGAGPSQGSGGGTGGSVYTEDNDDDLYG
ACTG1,MAENTEGDLNSNLLHAPYHTGDPQLDTAIGQWLRWDKNPKTKEQIENLLRNGMNKELRDRLCCRMTFGTAGLRSAMGAGFCYINDLTVIQSTQGMYKYLERCFSDFKQRGFVVGYDTRGQVTSSCSSQRLAKLTAAVLLAKDVPVYLFSRYVPTPFVPYAVQKLKAVAGVMITASHNRKEDNGYKVYWETGAQITSPHDKEILKCIEECVEPWNGSWNDNLVDTSPLKRDPLQDICRRYMEDLKKICFYRELNSKTTLKFVHTSFHGVGHDYVQLAFKVFGFKPPIPVPEQKDPDPDFSTVKCPNPEEGESVLELSLRLAEKENARVVLATDPDADRLAAAELQENGCWKVFTGNELAALFGWWMFDCWKKNKSRNADVKNVYMLATTVSSKILKAIALKEGFHFEETLPGFKWIGSRIIDLLENGKEVLFAFEESIGFLCGTSVLDKDGVSAAVVVAEMASYLETMNITLKQQLVKVYEKYGYHISKTSYFLCYEPPTIKSIFERLRNFDSPKEYPKFCGTFAILHVRDVTTGYDSSQPNKKSVLPVSKNSQMITFTFQNGCVATLRTSGTEPKIKYYAEMCASPDQSDTALLEEELKKLIDALIENFLQPSKNGLIWRSV
ACTN1, MGAPFVWALGLLMLQMLLFVAGEQGTQDITDASERGLHMQKLGSGSVQAALAELVALPCLFTLQPRPSAARDAPRIKWTKVRTASGQRQDLPILVAKDNVVRVAKSWQGRVSLPSYPRRRANATLLLGPLRASDSGLYRCQVVRGIEDEQDLVPLEVTGVVFHYRSARDRYALTFAEAQEACRLSSAIIAAPRHLQAAFEDGFDNCDAGWLSDRTVRYPITQSRPGCYGDRSSLPGVRSYGRRNPQELYDVYCFARELGGEVFYVGPARRLTLAGARAQCRRQGAALASVGQLHLAWHEGLDQCDPGWLADGSVRYPIQTPRRRCGGPAPGVRTVYRFANRTGFPSPAERFDAYCFRAHHPTSQHGDLETPSSGDEGEILSAEGPPVRELEPTLEEEEVVTPDFQEPLVSSGEEETLILEEKQESQQTLSPTPGDPMLASWPTGEVWLSTVAPSPSDMGAGTAASSHTEVAPTDPMPRRRGRFKGLNGRYFQQQEPEPGLQGGMEASAQPPTSEAAVNQMEPPLAMAVTEMLGSGQSRSPWADLTNEVDMPGAGSAGGKSSPEPWLWPPTMVPPSISGHSRAPVLELEKAEGPSARPATPDLFWSPLEATVSAPSPAPWEAFPVATSPDLPMMAMLRGPKEWMLPHPTPISTEANRVEAHGEATATAPPSPAAETKVYSLPLSLTPTGQGGEAMPTTPESPRADFRETGETSPAQVNKAEHSSSSPWPSVNRNVAVGFVPTETATEPTGLRGIPGSESGVFDTAESPTSGLQATVDEVQDPWPSVYSKGLDASSPSAPLGSPGVFLVPKVTPNLEPWVATDEGPTVNPMDSTVTPAPSDASGIWEPGSQVFEEAESTTLSPQVALDTSIVTPLTTLEQGDKVGVPAMSTLGSSSSQPHPEPEDQVETQGTSGASVPPHQSSPLGKPAVPPGTPTAASVGESASVSSGEPTVPWDPSSTLLPVTLGIEDFELEVLAGSPGVESFWEEVASGEEPALPGTPMNAGAEEVHSDPCENNPCLHGGTCNANGTMYGCSCDQGFAGENCEIDIDDCLCSPCENGGTCIDEVNGFVCLCLPSYGGSFCEKDTEGCDRGWHKFQGHCYRYFAHRRAWEDAEKDCRRRSGHLTSVHSPEEHSFINSFGHENTWIGLNDRIVERDFQWTDNTGLQFENWRENQPDNFFAGGEDCVVMVAHESGRWNDVPCNYNLPYVCKKGTVLCGPPPAVENASLIGARKAKYNVHATVRYQCNEGFAQHHVATIRCRSNGKWDRPQIVCTKPRRSHRMRRHHHHHQHHHQHHHHKSRKERRKHKKHPTEDWEKDEGNFC
ACTR1A, MPSDRPFKQRRSFADRCKEVQQIRDQHPSKIPVIIERYKGEKQLPVLDKTKFLVPDHVNMSELVKIIRRRLQLNPTQAFFLLVNQHSMVSVSTPIADIYEQEKDEDGFLYMVYASQETFGF
ACTR2, 	MCAAQMPPLAHIFRGTFVHSTWTCPMEVLRDHLLGVSDSGKIVFLEEASQQEKLAKEWCFKPCEIRELSHHEFFMPGLVDTHIHASQYSFAGSSIDLPLLEWLTKYTFPAEHRFQNIDFAEEVYTRVVRRTLKNGTTTACYFATIHTDSSLLLADITDKFGQRAFVGKVCMDLNDTFPEYKETTEESIKETERFVSEMLQKNYSRVKPIVTPRFSLSCSETLMGELGNIAKTRDLHIQSHISENRDEVEAVKNLYPSYKNYTSVYDKNNLLTNKTVMAHGCYLSAEELNVFHERGASIAHCPNSNLSLSSGFLNVLEVLKHEVKIGLGTDVAGGYSYSMLDAIRRAVMVSNILLINKVNEKSLTLKEVFRLATLGGSQALGLDGEIGNFEVGKEFDAILINPKASDSPIDLFYGDFFGDISEAVIQKFLYLGDDRNIEEVYVGGKQVVPFSSSV
ACTR3, MAAADGDDSLYPIAVLIDELRNEDVQLRLNSIKKLSTIALALGVERTRSELLPFLTDTIYDEDEVLLALAEQLGTFTTLVGGPEYVHCLLPPLESLATVEETVVRDKAVESLRAISHEHSPSDLEAHFVPLVKRLAGGDWFTSRTSACGLFSVCYPRVSSAVKAELRQYFRNLCSDDTPMVRRAAASKLGEFAKVLELDNVKSEIIPMFSNLASDEQDSVRLLAVEACVNIAQLLPQEDLEALVMPTLRQAAEDKSWRVRYMVADKFTELQKAVGPEITKTDLVPAFQNLMKDCEAEVRAAASHKVKEFCENLSADCRENVIMSQILPCIKELVSDANQHVKSALASVIMGLSPILGKDNTIEHLLPLFLAQLKDECPEVRLNIISNLDCVNEVIGIRQLSQSLLPAIVELAEDAKWRVRLAIIEYMPLLAGQLGVEFFDEKLNSLCMAWLVDHVYAIREAATSNLKKLVEKFGKEWAHATIIPKVLAMSGDPNYLHRMTTLFCINVLSEVCGQDITTKHMLPTVLRMAGDPVANVRFNVAKSLQKIGPILDNSTLQSEVKPILEKLTQDQDVDVKYFAQEALTVLSLA
AFG3L2, MSFQGKKSIPRITSDRLLIRGGRIVNDDQSFYADVHVEDGLIKQIGENLIVPGGIKTIDAHGLMVLPGGVDVHTRLQMPVLGMTPADDFCQGTKAALAGGTTMILDHVFPDTGVSLLAAYEQWRERADSAACCDYSLHVDITRWHESIKEELEALVKEKGVNSFLVFMAYKDRCQCSDSQTIAKQANCPLYVTKVMSKGAADAIAQAKRRGVVVFGEPITASLGTDGSHYWSKNWAKAAAFVTSPPVNPDPTTADHLTCLLSSGDLQVTGSAHCTFTTAQKAVGKDNFALIPEGTNGIEERMSMVWEKCVASGKMDENEFVAVTSTNAAKIFNFYPRKGRVAVGSDADLVIWNPKATKIISAKTHNLNVEYNIFEGVECRGAPAVVISQGRVALEDGKMFVTPGAGRFVPRKTFPDFVYKRIKARNRLAEIHGVPRGLYDGPVHEVMVPAKPGSGAPARASCPGKISVPPVRNLHQSGFSLSGSQADDHIARRTAQKIMAPPGGRSNITSLS
STXBP1, MAASKPVEAAVVAAAVPSSGSGVGGGGTAGPGTGGLPRWQLALAVGAPLLLGAGAIYLWSRQQRRREARGRGDASGLKRNSERKTPEGRASPAPGSGHPEGPGAHLDMNSLDRAQAAKNKGNKYFKAGKYEQAIQCYTEAISLCPTEKNVDLSTFYQNRAAAFEQLQKWKEVAQDCTKAVELNPKYVKALFRRAKAHEKLDNKKECLEDVTAVCILEGFQNQQSMLLADKVLKLLGKEKAKEKYKNREPLMPSPQFIKSYFSSFTDDIISQPMLKGEKSDEDKDKEGEALEVKENSGYLKAKQYMEEENYDKIISECSKEIDAEGKYMAEALLLRATFYLLIGNANAAKPDLDKVISLKEANVKLRANALIKRGSMYMQQQQPLLSTQDFNMAADIDPQNADVYHHRGQLKILLDQVEEAVADFDECIRLRPESALAQAQKCFALYRQAYTGNNSSQIQAAMKGFEEVIKKFPRCAEGYALYAQALTDQQQFGKADEMYDKCIDLEPDNATTYVHKGLLQLQWKQDLDRGLELISKAIEIDNKCDFAYETMGTIEVQRGNMEKAIDMFNKAINLAKSEMEMAHLYSLCDAAHAQTEVAKKYGLKPPTL
MAPK1, MGVLMSKRQTVEQVQKVSLAVSAFKDGLRDRPSIRRTGELPGSRRGTVEGSVQEVQEEKEAEAGTSVVQEESSAGRAAWERLRDGRGVEPEEFDRTSRFTPPAFIRPTRKLDDDKPPEICLEPREPVVNDEMCDVCEVWTAESLFPCRVCTRVFHDGCLRRMGYIQGDSAAEVTEMAHTETGWSCHYCDNINLLLTEEEMYSLTETFQRCKVIPDCSLTLEDFLRYRHQAAKRGDRDRALSEEQEEQAARQFAALDPEHRGHIEWPDFLSHESLLLLQQLRPQNSLLRLLTVKERERARAAFLARGSGSTVSEAECRRAQHSWFCKRFPEAPSCSVSISHVGPIADSSPASSSSKSQDKTLLPTEQESRFVDWPTFLQENVLYILAARPNSAAIHLKPPG
ALCAM, MVEAFCATWKLTNSQNFDEYMKALGVGFATRQVGNVTKPTVIISQEGDKVVIRTLSTFKNTEISFQLGEEFDETTADDRNCKSVVSLDGDKLVHIQKWDGKETNFVREIKDGKMVMTLTFGDVVAVRHYEKA
AKR1B1, MAAGCLLALTLTLFQSLLIGPSSEEPFPSAVTIKSWVDKMQEDLVTLAKTASGVNQLVDIYEKYQDLYTVEPNNARQLVEIAARDIEKLLSNRSKALVRLALEAEKVQAAHQWREDFASNEVVYYNAKDDLDPEKNDSEPGSQRIKPVFIEDANFGRQISYQHAAVHIPTDIYEGSTIVLNELNWTSALDEVFKKNREEDPSLLWQVFGSATGLARYYPASPWVDNSRTPNKIDLYDVRRRPWYIQGAASPKDMLILVDVSGSVSGLTLKLIRTSVSEMLETLSDDDFVNVASFNSNAQDVSCFQHLVQANVRNKKVLKDAVNNITAKGITDYKKGFSFAFEQLLNYNVSRANCNKIIMLFTDGGEERAQEIFNKYNKDKKVRVFTFSVGQHNYDRGPIQWMACENKGYYYEIPSIGAIRINTQEYLDVLGRPMVLAGDKAKQVQWTNVYLDALELGLVITGTLPVFNITGQFENKTNLKNQLILGVMGVDVSLEDIKRLTPRFTLCPNGYYFAIDPNGYVLLHPNLQPKPIGVGIPTINLRKRRPNIQNPKSQEPVTLDFLDAELENDIKVEIRNKMIDGESGEKTFRTLVKSQDERYIDKGNRTYTWTPVNGTDYSLALVLPTYSFYYIKAKLEETITQARYSETLKPDNFEESGYTFIAPRDYCNDLKISDNNTEFLLNFNEFIDRKTPNNPSCNADLINRVLLDAGFTNELVQNYWSKQKNIKGVKARFVVTDGGITRVYPKEAGENWQENPETYEDSFYKRSLDNDNYVFTAPYFNKSGPGAYESGIMVSKAVEIYIQGKLLKPAVVGIKIDVNSWIENFTKTSIRDPCAGPVCDCKRNSDVMDCVILDDGGFLLMANHDDYTNQIGRFFGEIDPSLMRHLVNISVYAFNKSYDYQSVCEPGAAPKQGAGHRSAYVPSVADILQIGWWATAAAWSILQQFLLSLTFPRLLEAVEMEDDDFTASLSKQSCITEQTQYFFDNDSKSFSGVLDCGNCSRIFHGEKLMNTNLIFIMVESKGTCPCDTRLLIQAEQTSDGPNPCDMVKQPRYRKGPDVCFDNNVLEDYTDCGGVSGLNPSLWYIIGIQFLLLWLVSGSTHRLL
AK1, MNPNCARCGKIVYPTEKVNCLDKFWHKACFHCETCKMTLNMKNYKGYEKKPYCNAHYPKQSFTMVADTPENLRLKQQSELQSQVRYKEEFEKNKGKGFSVVADTPELQRIKKTQDQISNIKYHEEFEKSRMGPSGGEGMEPERRDSQDGSSYRRPLEQQQPHHIPTSAPVYQQPQQQPVAQSYGGYKEPAAPVSIQRSAPGGGGKRYRAVYDYSAADEDEVSFQDGDTIVNVQQIDDGWMYGTVERTGDTGMLPANYVEAI
AHCY, MTANGTAEAVQIQFGLINCGNKYLTAEAFGFKVNASASSLKKKQIWTLEQPPDEAGSAAVCLRSHLGRYLAADKDGNVTCEREVPGPDCRFLIVAHDDGRWSLQSEAHRRYFGGTEDRLSCFAQTVSPAEKWSVHIAMHPQVNIYSVTRKRYAHLSARPADEIAVDRDVPWGVDSLITLAFQDQRYSVQTADHRFLRHDGRLVARPEPATGYTLEFRSGKVAFRDCEGRYLAPSGPSGTLKAGKATKVGKDELFALEQSCAQVVLQAANERNVSTRQGMDLSANQDEETDQETFQLEIDRDTKKCAFRTHTGKYWTLTATGGVQSTASSKNASCYFDIEWRDRRITLRASNGKFVTSKKNGQLAASVETAGDSELFLMKLINRPIIVFRGEHGFIGCRKVTGTLDANRSSYDVFQLEFNDGAYNIKDSTGKYWTVGSDSAVTSSGDTPVDFFFEFCDYNKVAIKVGGRYLKGDHAGVLKASAETVDPASLWEY
MBP, MSATNNIAQARKLVEQLRIEAGIERIKVSKAASDLMSYCEQHARNDPLLVGVPASENPFKDKKPCIIL
PPP1CB, MSFLQDPSFFTMGMWSIGAGALGAAALALLLANTDVFLSKPQKAALEYLEDIDLKTLEKEPRTFKAKELWEKNGAVIMAVRRPGCFLCREEAADLSSLKSMLDQLGVPLYAVVKEHIRTEVKDFQPYFKGEIFLDEKKKFYGPQRRKMMFMGFIRLGVWYNFFRAWNGGFSGNLEGEGFILGGVFVVGSGKQGILLEHREKEFGDKVNLLSVLEAAKMIKPQTLASEKK
UBC, MASVGECPAPVPVKDKKLLEVKLGELPSWILMRDFSPSGIFGAFQRGYYRYYNKYINVKKGSISGITMVLACYVLFSYSFSYKHLKHERLRKYH
CBR1, MSEEQFGGDGAAAAATAAVGGSAGEQEGAMVAATQGAAAAAGSGAGTGGGTASGGTEGGSAESEGAKIDASKNEEDEGHSNSSPRHSEAATAQREEWKMFIGGLSWDTTKKDLKDYFSKFGEVVDCTLKLDPITGRSRGFGFVLFKESESVDKVMDQKEHKLNGKVIDPKRAKAMKTKEPVKKIFVGGLSPDTPEEKIREYFGGFGEVESIELPMDNKTNKRRGFCFITFKEEEPVKKIMEKKYHNVGLSKCEIKVAMSKEQYQQQQQWGSRGGFAGRARGRGGGPSQNWNQGYSNYWNQGYGNYGYNSQGYGGYGGYDYTGYNNYYGYGDYSNQQSGYGKVSRRGGHQNSYKPY
DBI, MVACRAIGILSRFSAFRILRSRGYICRNFTGSSALLTRTHINYGVKGDVAVVRINSPNSKVNTLSKELHSEFSEVMNEIWASDQIRSAVLISSKPGCFIAGADINMLAACKTLQEVTQLQEAQRIVEKLEKSTKPIVAAINGSCLGGGLEVAISCQYRIATKDRKTVLGTPEVLLGALPGAGGTQRLPKMVGVPAALDMMLTGRSIRADRAKKMGLVDQLVEPLGPGLKPPEERTIEYLEEVAITFAKGLADKKISPKRDKGLVEKLTAYAMTIPFVRQQVYKKVEEKVRKQTKGLYPAPLKIIDVVKTGIEQGSDAGYLCESQKFGELVMTKESKALMGLYHGQVLCKKNKFGAPQKDVKHLAILGAGLMGAGIAQVSVDKGLKTILKDATLTALDRGQQQVFKGLNDKVKKKALTSFERDSIFSNLTGQLDYQGFEKADMVIEAVFEDLSLKHRVLKEVEAVIPDHCIFASNTSALPISEIAAVSKRPEKVIGMHYFSPVDKMQLLEIITTEKTSKDTSASAVAVGLKQGKVIIVVKDGPGFYTTRCLAPMMSEVIRILQEGVDPKKLDSLTTSFGFPVGAATLVDEVGVDVAKHVAEDLGKVFGERFGGGNPELLTQMVSKGFLGRKSGKGFYIYQEGVKRKDLNSDMDSILASLKLPPKSEVSSDEDIQFRLVTRFVNEAVMCLQEGILATPAEGDIGAVFGLGFPPCLGGPFRFVDLYGAQKIVDRLKKYEAAYGKQFTPCQLLADHANSPNKKFYQ
BASP1, MCDKEFMWALKNGDLDEVKDYVAKGEDVNRTLEGGRKPLHYAADCGQLEILEFLLLKGADINAPDKHHITPLLSAVYEGHVSCVKLLLSKGADKTVKGPDGLTAFEATDNQAIKALLQ
PHB2, MNAGSDPVVIVSAARTIIGSFNGALAAVPVQDLGSTVIKEVLKRATVAPEDVSEVIFGHVLAAGCGQNPVRQASVGAGIPYSVPAWSCQMICGSGLKAVCLAVQSIGIGDSSIVVAGGMENMSKAPHLAYLRTGVKIGEMPLTDSILCDGLTDAFHNCHMGITAENVAKKWQVSREDQDKVAVLSQNRTENAQKAGHFDKEIVPVLVSTRKGLIEVKTDEFPRHGSNIEAMSKLKPYFLTDGTGTVTPANASGINDGAAAVVLMKKSEADKRGLTPLARIVSWSQVGVEPSIMGIGPIPAIKQAVTKAGWSLEDVDIFEINEAFAAVSAAIVKELGLNPEKVNIEGGAIALGHPLGASGCRILVTLLHTLERMGRSRGVAALCIGGGMGIAMCVQRE
ABAT, MLANSASVRILIKGGKVVNDDCTHEADVYIENGIIQQVGRELMIPGGAKVIDATGKLVIPGGIDTSTHFHQTFMNATCVDDFYHGTKAALVGGTTMIIGHVLPDKETSLVDAYEKCRGLADPKVCCDYALHVGITWWAPKVKAEMETLVREKGVNSFQMFMTYKDLYMLRDSELYQVLHACKDIGAIARVHAENGELVAEGAKEALDLGITGPEGIEISRPEELEAEATHRVITIANRTHCPIYLVNVSSISAGDVIAAAKMQGKVVLAETTTAHATLTGLHYYHQDWSHAAAYVTVPPLRLDTNTSTYLMSLLANDTLNIVASDHRPFTTKQKAMGKEDFTKIPHGVSGVQDRMSVIWERGVVGGKMDENRFVAVTSSNAAKLLNLYPRKGRIIPGADADVVVWDPEATKTISASTQVQGGDFNLYENMRCHGVPLVTISRGRVVYENGVFMCAEGTGKFCPLRSFPDTVYKKLVQREKTLKVRGVDRTPYLGDVAVVVHPGKKEMGTPLADTPTRPVTRHGGMRDLHESSFSLSGSQIDDHVPKRASARILAPPGGRSSGIW
HBB, MAGYLRVVRSLCRASGSRPAWAPAALTAPTSQEQPRRHYADKRIKVAKPVVEMDGDEMTR
PHB, MSSSYDEASLAPEETTDSFWEVGNYKRTVKRIDDGHRLCNDLMNCVQERAKIEKAYGQQL
IDH3B, MFARKPPGAAPLGAMPVPDQPSSASEKTSSLSPGLNTSNGDGSETETTSAILASVKEQELQFERLTRELEAERQIVASQLERCKLGSETGSMSSMSSAEEQFQWQSQDGQKDIEDELTTGLELVDSCIRSLQESGILDPQDYSTGERPSLLSQSALQLNSKPEGSFQYPASYHSNQTLALGETTPSQLPARGTQARATGQSFSQGTTSRAGHLAGPEPAPPPPPPPREPFAPSLGSAFHLPDAPPAAAAAALYYSSSTLPAPPRGGSPLAAPQGGSPTKLQRGGSAPEGATYAAPRGSSPKQSPSRLAKSYSTSSPINIVVSSAGLSPIRVTSPPTVQSTISSSPIHQLSSTIGTYATLSPTKRLVHASEQYSKHSQELYATATLQRPGSLAAGSRASYSSQHGHLGPELRALQSPEHHIDPIYEDRVYQKPPMRSLSQSQGDPLPPAHTGTYRTSTAPSSPGVDSVPLQRTGSQHGPQNAAAATFQRASYAAGPASNYADPYRQLQYCPSVESPYSKSGPALPPEGTLARSPSIDSIQKDPREFGWRDPELPEVIQMLQHQFPSVQSNAAAYLQHLCFGDNKIKAEIRRQGGIQLLVDLLDHRMTEVHRSACGALRNLVYGKANDDNKIALKNCGGIPALVRLLRKTTDLEIRELVTGVLWNLSSCDALKMPIIQDALAVLTNAVIIPHSGWENSPLQDDRKIQLHSSQVLRNATGCLRNVSSAGEEARRRMRECDGLTDALLYVIQSALGSSEIDSKTVENCVCILRNLSYRLAAETSQGQHMGTDELDGLLCGEANGKDAESSGCWGKKKKKKKSQDQWDGVGPLPDCAEPPKGIQMLWHPSIVKPYLTLLSECSNPDTLEGAAGALQNLAAGSWKWSVYIRAAVRKEKGLPILVELLRIDNDRVVCAVATALRNMALDVRNKELIGKYAMRDLVHRLPGGNNSNNTASKAMSDDTVTAVCCTLHEVITKNMENAKALRDAGGIEKLVGISKSKGDKHSPKVVKAASQVLNSMWQYRDLRSLYKKDGWSQYHFVASSSTIERDRQRPYSSSRTPSISPVRVSPNNRSASAPASPREMISLKERKTDYECTGSNATYHGAKGEHTSRKDAMTAQNTGISTLYRNSYGAPAEDIKHNQVSAQPVPQEPSRKDYETYQPFQNSTRNYDESFFEDQVHHRPPASEYTMHLGLKSTGNYVDFYSAARPYSELNYETSHYPASPDSWV
ABR, MVDAFLGTWKLVDSKNFDDYMKSLGVGFATRQVASMTKPTTIIEKNGDILTLKTHSTFKNTEISFKLGVEFDETTADDRKVKSIVTLDGGKLVHLQKWDGQETTLVRELIDGKLILTLTHGTAVCTRTYEKEA
ALB, MSTGTFVVSQPLNYRGGARVEPADASGTEKAFEPATGRVIATFTCSGEKEVNLAVQNAKAAFKIWSQKSGMERCRILLEAARIIREREDEIATMECINNGKSIFEARLDIDISWQCLEYYAGLAASMAGEHIQLPGGSFGYTRREPLGVCVGIGAWNYPFQIASWKSAPALACGNAMVFKPSPFTPVSALLLAEIYSEAGVPPGLFNVVQGGAATGQFLCQHPDVAKVSFTGSVPTGMKIMEMSAKGIKPVTLELGGKSPLIIFSDCDMNNAVKGALMANFLTQGQVCCNGTRVFVQKEILDKFTEEVVKQTQRIKIGDPLLEDTRMGPLINRPHLERVLGFVKVAKEQGAKVLCGGDIYVPEDPKLKDGYYMRPCVLTNCRDDMTCVKEEIFGPVMSILSFDTEAEVLERANDTTFGLAAGVFTRDIQRAHRVVAELQAGTCFINNYNVSPVELPFGGYKKSGFGRENGRVTIEYYSQLKTVCVEMGDVESAF
BIN1, MSKGLPETRTDAAMSELVPEPRPKPAVPMKPMSINSNLLGYIGIDTIIEQMRKKTMKTGFDFNIMVVGQSGLGKSTLVNTLFKSQVSRKASSWNREEKIPKTVEIKAIGHVIEEGGVKMKLTVIDTPGFGDQINNENCWEPIEKYINEQYEKFLKEEVNIARKKRIPDTRVHCCLYFISPTGHSLRPLDLEFMKHLSKVVNIIPVIAKADTMTLEEKSEFKQRVRKELEVNGIEFYPQKE
BCAN, MDVFKKGFSIAKEGVVGAVEKTKQGVTEAAEKTKEGVMYVGAKTKENVVQSVTSVAEKTKEQANAVSEAVVSSVNTVATKTVEEAENIAVTSGVVRKEDLRPSAPQQEGEASKEKEEVAEEAQSGGD
BSG, MAPHRPAPALLCALSLALCALSLPVRAATASRGASQAGAPQGRVPEARPNSMVVEHPEFLKAGKEPGLQIWRVEKFDLVPVPTNLYGDFFTGDAYVILKTVQLRNGNLQYDLHYWLGNECSQDESGAAAIFTVQLDDYLNGRAVQHREVQGFESATFLGYFKSGLKYKKGGVASGFKHVVPNEVVVQRLFQVKGRRVVRATEVPVSWESFNNGDCFILDLGNNIHQWCGSNSNRYERLKATQVSKGIRDNERSGRARVHVSEEGTEPEAMLQVLGPKPALPAGTEDTAKEDAANRKLAKLYKVSNGAGTMSVSLVADENPFAQGALKSEDCFILDHGKDGKIFVWKGKQANTEERKAALKTASDFITKMDYPKQTQVSVLPEGGETPLFKQFFKNWRDPDQTDGLGLSYLSSHIANVERVPFDAATLHTSTAMAAQHGMDDDGTGQKQIWRIEGSNKVPVDPATYGQFYGGDSYIILYNYPFDAATLHTSTAMAAQHGMDDDGTGQKQIWRIEGSNKVPVDPATYGQFYGGDSYIILYNYGKPMIIYKGGTSREGGQTAPASTRLFQVRANSAGATRAVEVLPKAGALNSNDAFVLKTPSAAYLWVGTGASEAEKTGAQELLRVLRAQPVQVAEGSEPDGFWEALGGKAAYRTSPRLKDKKMDAHPPRLFACSNKIGRFVIEEVPGELMQEDLATDDVMLLDTWDQVFVWVGKDSQEEEKTEALTSAKRYIETDPANRDRRTPITVVKQGFEPPSFVGWFLGWDDDYWSVDPLDRAMAELAA






